{
	"metadata" : {
		"formatVersion" : 3,
		"description" : "Exported from LibZinc."
	},

	"vertices" : [
		113.948112,224.711761,54.999954,100.269447,205.722626,24.999975,88.587776,283.537689,54.999947,94.089119,257.968689,24.999969,94.089119,257.968689,24.999969,88.587776,283.537689,54.999947,117.487938,336.937836,24.999971,124.819824,334.296143,54.999950,117.487938,336.937836,24.999971,124.819824,334.296143,54.999950,
		162.003784,345.924896,24.999981,178.581650,339.306915,54.999962,178.581650,339.306915,54.999962,162.003784,345.924896,24.999981,221.983719,317.371552,54.999973,196.696304,336.211090,24.999989,196.696304,336.211090,24.999989,221.983719,317.371552,54.999973,228.592880,290.425110,24.999985,232.177032,270.440826,54.999981,
		228.592880,290.425110,24.999985,232.177032,270.440826,54.999981,233.816940,232.683777,25.000031,225.827271,232.660049,54.999981,233.816940,232.683777,25.000031,225.827271,232.660049,54.999981,228.074966,175.487106,25.000051,230.019318,172.859756,54.999985,228.074966,175.487106,25.000051,230.019318,172.859756,54.999985,
		216.871140,129.816116,25.000051,190.312210,133.106293,54.999977,216.871140,129.816116,25.000051,190.312210,133.106293,54.999977,148.241013,98.730194,24.999910,149.800385,130.418961,54.780361,148.241013,98.730194,24.999910,149.800385,130.418961,54.780361,121.922913,143.985855,24.999983,124.214233,158.194763,54.999962,
		121.922913,143.985855,24.999983,124.214233,158.194763,54.999962,100.269447,205.722626,24.999975,113.948112,224.711761,54.999954,102.318253,251.218979,4.999987,94.089119,257.968689,24.999969,120.099190,324.361664,4.999987,117.487938,336.937836,24.999971,120.099190,324.361664,4.999987,117.487938,336.937836,24.999971,
		155.752457,344.368042,4.999931,162.003784,345.924896,24.999981,155.752457,344.368042,4.999931,162.003784,345.924896,24.999981,190.619446,336.739380,5.000050,196.696304,336.211090,24.999989,190.619446,336.739380,5.000050,196.696304,336.211090,24.999989,208.940063,302.443207,5.000083,228.592880,290.425110,24.999985,
		208.940063,302.443207,5.000083,228.592880,290.425110,24.999985,227.032135,239.031509,5.000015,233.816940,232.683777,25.000031,227.032135,239.031509,5.000015,233.816940,232.683777,25.000031,222.435867,178.739243,5.000018,228.074966,175.487106,25.000051,200.835876,115.915215,5.000016,216.871140,129.816116,25.000051,
		155.938110,107.960037,5.000070,148.241013,98.730194,24.999910,155.938110,107.960037,5.000070,148.241013,98.730194,24.999910,117.811447,143.110535,4.999960,121.922913,143.985855,24.999983,216.871140,129.816116,25.000051,216.871140,129.816116,25.000051,216.871140,129.816116,25.000051,216.871140,129.816116,25.000051,
		222.435867,178.739243,5.000018,228.074966,175.487106,25.000051,200.835876,115.915215,5.000016,216.871140,129.816116,25.000051,117.811447,143.110535,4.999960,121.922913,143.985855,24.999983,103.073143,200.705475,4.999990,100.269447,205.722626,24.999975,103.073143,200.705475,4.999990,100.269447,205.722626,24.999975,
		102.318253,251.218979,4.999987,94.089119,257.968689,24.999969,124.819824,334.296143,54.999950,162.672562,299.252441,71.628578,88.587776,283.537689,54.999947,88.587776,283.537689,54.999947,124.819824,334.296143,54.999950,162.672562,299.252441,71.628578,178.581650,339.306915,54.999962,178.581650,339.306915,54.999962,
		178.581650,339.306915,54.999962,221.983719,317.371552,54.999973,162.672562,299.252441,71.628578,162.672562,299.252441,71.628578,232.177032,270.440826,54.999981,221.983719,317.371552,54.999973,169.635162,236.191269,70.729691,162.672562,299.252441,71.628578,169.635162,236.191269,70.729691,162.672562,299.252441,71.628578,
		113.948112,224.711761,54.999954,88.587776,283.537689,54.999947,113.948112,224.711761,54.999954,124.214233,158.194763,54.999962,169.635162,236.191269,70.729691,165.914383,176.883286,66.159409,169.635162,236.191269,70.729691,165.914383,176.883286,66.159409,232.177032,270.440826,54.999981,225.827271,232.660049,54.999981,
		225.827271,232.660049,54.999981,230.019318,172.859756,54.999985,165.914383,176.883286,66.159409,190.312210,133.106293,54.999977,165.914383,176.883286,66.159409,124.214233,158.194763,54.999962,149.800385,130.418961,54.780361,149.800385,130.418961,54.780361,165.914383,176.883286,66.159409,190.312210,133.106293,54.999977,
		149.800385,130.418961,54.780361,149.800385,130.418961,54.780361,200.835876,115.915215,5.000016,155.938110,107.960037,5.000070,222.435867,178.739243,5.000018,175.611435,165.096344,-10.690351,155.938110,107.960037,5.000070,175.611435,165.096344,-10.690351,117.811447,143.110535,4.999960,103.073143,200.705475,4.999990,
		103.073143,200.705475,4.999990,102.318253,251.218979,4.999987,175.611435,165.096344,-10.690351,176.398270,227.209717,-11.925458,175.611435,165.096344,-10.690351,176.398270,227.209717,-11.925458,222.435867,178.739243,5.000018,227.032135,239.031509,5.000015,102.318253,251.218979,4.999987,120.099190,324.361664,4.999987,
		176.398270,227.209717,-11.925458,168.714569,287.222992,-9.925616,176.398270,227.209717,-11.925458,168.714569,287.222992,-9.925616,227.032135,239.031509,5.000015,208.940063,302.443207,5.000083,208.940063,302.443207,5.000083,190.619446,336.739380,5.000050,168.714569,287.222992,-9.925616,155.752457,344.368042,4.999931,
		168.714569,287.222992,-9.925616,120.099190,324.361664,4.999987,155.752457,344.368042,4.999931,155.752457,344.368042,4.999931
	],