{
	"metadata" : {
		"formatVersion" : 3,
		"description" : "Exported from LibZinc."
	},

	"vertices" : [
		120.099190,324.361664,4.999987,124.819824,334.296143,54.999950,155.752457,344.368042,4.999931,178.581650,339.306915,54.999962,155.752457,344.368042,4.999931,196.950958,328.723145,14.999962,178.581650,339.306915,54.999962,221.983719,317.371552,54.999973,196.950958,328.723145,14.999962,221.983719,317.371552,54.999973,
		222.962891,281.062988,15.000051,232.177032,270.440826,54.999981,222.962891,281.062988,15.000051,232.177032,270.440826,54.999981,232.084793,225.716553,15.000010,236.394089,219.135651,59.999985,232.084793,225.716553,15.000010,236.394089,219.135651,59.999985,226.802002,172.126617,15.000011,230.019318,172.859756,54.999985,
		226.802002,172.126617,15.000011,230.019318,172.859756,54.999985,177.267105,89.447426,15.000056,168.933456,135.213699,59.999977,177.267105,89.447426,15.000056,168.933456,135.213699,59.999977,120.343811,138.220886,14.999990,126.288124,162.842575,59.999981,120.343811,138.220886,14.999990,126.288124,162.842575,59.999981,
		99.570808,208.889313,14.999981,113.948112,224.711761,54.999954,99.570808,208.889313,14.999981,113.948112,224.711761,54.999954,102.318253,251.218979,4.999987,106.861443,279.138550,46.526237,102.318253,251.218979,4.999987,106.861443,279.138550,46.526237,120.099190,324.361664,4.999987,124.819824,334.296143,54.999950,
		124.819824,334.296143,54.999950,120.618462,277.484314,80.000000,178.581650,339.306915,54.999962,156.148636,277.144135,80.000000,178.581650,339.306915,54.999962,156.148636,277.144135,80.000000,221.983719,317.371552,54.999973,194.235565,276.865784,80.000000,120.618462,277.484314,80.000000,109.782204,178.760239,80.000000,
		194.235565,276.865784,80.000000,214.499771,174.996918,80.000000,109.782204,178.760239,80.000000,139.607635,158.200119,80.000000,214.499771,174.996918,80.000000,174.609299,155.449341,80.000000,230.019318,172.859756,54.999985,214.499771,174.996918,80.000000,168.933456,135.213699,59.999977,174.609299,155.449341,80.000000,
		168.933456,135.213699,59.999977,174.609299,155.449341,80.000000,126.288124,162.842575,59.999981,139.607635,158.200119,80.000000,106.861443,279.138550,46.526237,120.618462,277.484314,80.000000,124.819824,334.296143,54.999950,124.819824,334.296143,54.999950,106.861443,279.138550,46.526237,120.618462,277.484314,80.000000,
		88.587776,283.537689,54.999947,80.285324,267.517456,80.000000,88.587776,283.537689,54.999947,80.285324,267.517456,80.000000,37.668789,257.697815,59.999989,44.039993,261.695801,80.000000,37.668789,257.697815,59.999989,44.039993,261.695801,80.000000,56.554722,218.583038,59.999985,55.936844,231.860245,80.000000,
		56.554722,218.583038,59.999985,55.936844,231.860245,80.000000,102.019043,188.441147,59.999981,109.782204,178.760239,80.000000,102.019043,188.441147,59.999981,109.782204,178.760239,80.000000,126.288124,162.842575,59.999981,139.607635,158.200119,80.000000,221.983719,317.371552,54.999973,194.235565,276.865784,80.000000,
		241.127396,279.048248,80.000000,241.127396,279.048248,80.000000,221.983719,317.371552,54.999973,241.127396,279.048248,80.000000,232.177032,270.440826,54.999981,232.177032,270.440826,54.999981,232.177032,270.440826,54.999981,241.127396,279.048248,80.000000,283.658020,260.649750,59.999989,285.034729,270.518036,80.000000,
		283.658020,260.649750,59.999989,285.034729,270.518036,80.000000,280.895233,221.143509,69.999977,286.616394,227.879379,85.202957,230.019318,172.859756,54.999985,214.499771,174.996918,80.000000,255.926285,199.391464,69.999977,255.942795,202.319183,85.284424,280.895233,221.143509,69.999977,286.616394,227.879379,85.202957,
		255.926285,199.391464,69.999977,255.942795,202.319183,85.284424,214.499771,174.996918,80.000000,194.235565,276.865784,80.000000,255.942795,202.319183,85.284424,241.127396,279.048248,80.000000,255.942795,202.319183,85.284424,241.127396,279.048248,80.000000,286.616394,227.879379,85.202957,285.034729,270.518036,80.000000,
		109.782204,178.760239,80.000000,120.618462,277.484314,80.000000,55.936844,231.860245,80.000000,80.285324,267.517456,80.000000,55.936844,231.860245,80.000000,80.285324,267.517456,80.000000,44.039993,261.695801,80.000000,44.039993,261.695801,80.000000,126.288124,162.842575,59.999981,102.019043,188.441147,59.999981,
		113.948112,224.711761,54.999954,113.948112,224.711761,54.999954,113.948112,224.711761,54.999954,102.019043,188.441147,59.999981,37.668789,257.697815,59.999989,56.554722,218.583038,59.999985,113.948112,224.711761,54.999954,37.668789,257.697815,59.999989,106.861443,279.138550,46.526237,88.587776,283.537689,54.999947,
		230.019318,172.859756,54.999985,236.394089,219.135651,59.999985,255.926285,199.391464,69.999977,280.895233,221.143509,69.999977,232.177032,270.440826,54.999981,283.658020,260.649750,59.999989,236.394089,219.135651,59.999985,280.895233,221.143509,69.999977,120.099190,324.361664,4.999987,155.752457,344.368042,4.999931,
		196.950958,328.723145,14.999962,196.950958,328.723145,14.999962,177.267105,89.447426,15.000056,120.343811,138.220886,14.999990,226.802002,172.126617,15.000011,226.802002,172.126617,15.000011,99.570808,208.889313,14.999981,232.084793,225.716553,15.000010,120.343811,138.220886,14.999990,226.802002,172.126617,15.000011,
		102.318253,251.218979,4.999987,222.962891,281.062988,15.000051,99.570808,208.889313,14.999981,232.084793,225.716553,15.000010,120.099190,324.361664,4.999987,196.950958,328.723145,14.999962,102.318253,251.218979,4.999987,222.962891,281.062988,15.000051
	],