{
	"metadata" : {
		"formatVersion" : 3,
		"description" : "Exported from LibZinc."
	},

	"vertices" : [
		120.099190,324.361664,4.999987,124.819824,334.296143,54.999950,156.376007,344.750488,8.972085,178.581650,339.306915,54.999962,106.861443,279.138550,46.526237,88.911560,228.626755,46.819405,37.668789,257.697815,59.999989,37.668789,257.697815,59.999989,156.376007,344.750488,8.972085,196.950958,328.723145,14.999962,
		178.581650,339.306915,54.999962,204.104874,308.653198,58.615257,196.950958,328.723145,14.999962,204.104874,308.653198,58.615257,222.962891,281.062988,15.000051,232.177032,270.440826,54.999981,222.962891,281.062988,15.000051,232.177032,270.440826,54.999981,232.084793,225.716553,15.000010,252.187195,220.622803,50.967712,
		232.084793,225.716553,15.000010,252.187195,220.622803,50.967712,226.802002,172.126617,15.000011,230.019318,172.859756,54.999985,226.802002,172.126617,15.000011,230.019318,172.859756,54.999985,178.764801,143.916748,13.954944,168.933456,135.213699,59.999977,178.764801,143.916748,13.954944,168.933456,135.213699,59.999977,
		132.510071,163.780182,10.817695,126.288124,162.842575,59.999981,132.510071,163.780182,10.817695,126.288124,162.842575,59.999981,99.570808,208.889313,14.999981,88.911560,228.626755,46.819405,99.570808,208.889313,14.999981,88.911560,228.626755,46.819405,102.318253,251.218979,4.999987,106.861443,279.138550,46.526237,
		102.318253,251.218979,4.999987,106.861443,279.138550,46.526237,120.099190,324.361664,4.999987,124.819824,334.296143,54.999950,124.819824,334.296143,54.999950,120.618462,277.484314,80.000000,178.581650,339.306915,54.999962,156.148636,277.144135,80.000000,178.581650,339.306915,54.999962,156.148636,277.144135,80.000000,
		204.104874,308.653198,58.615257,194.235565,276.865784,80.000000,120.618462,277.484314,80.000000,109.782204,178.760239,80.000000,194.235565,276.865784,80.000000,214.499771,174.996918,80.000000,109.782204,178.760239,80.000000,139.607635,158.200119,80.000000,214.499771,174.996918,80.000000,174.609299,155.449341,80.000000,
		230.019318,172.859756,54.999985,214.499771,174.996918,80.000000,168.933456,135.213699,59.999977,174.609299,155.449341,80.000000,168.933456,135.213699,59.999977,174.609299,155.449341,80.000000,126.288124,162.842575,59.999981,139.607635,158.200119,80.000000,106.861443,279.138550,46.526237,120.618462,277.484314,80.000000,
		124.819824,334.296143,54.999950,124.819824,334.296143,54.999950,106.861443,279.138550,46.526237,37.668789,257.697815,59.999989,79.544037,278.961182,80.084389,44.039993,261.695801,80.000000,106.861443,279.138550,46.526237,79.544037,278.961182,80.084389,120.618462,277.484314,80.000000,120.618462,277.484314,80.000000,
		37.668789,257.697815,59.999989,44.039993,261.695801,80.000000,56.554722,218.583038,59.999985,55.936844,231.860245,80.000000,56.554722,218.583038,59.999985,55.936844,231.860245,80.000000,102.019043,188.441147,59.999981,109.782204,178.760239,80.000000,102.019043,188.441147,59.999981,109.782204,178.760239,80.000000,
		126.288124,162.842575,59.999981,139.607635,158.200119,80.000000,204.104874,308.653198,58.615257,194.235565,276.865784,80.000000,222.933609,273.963898,78.513718,222.933609,273.963898,78.513718,204.104874,308.653198,58.615257,222.933609,273.963898,78.513718,232.177032,270.440826,54.999981,232.177032,270.440826,54.999981,
		232.177032,270.440826,54.999981,222.933609,273.963898,78.513718,283.658020,260.649750,59.999989,285.034729,270.518036,80.000000,283.658020,260.649750,59.999989,285.034729,270.518036,80.000000,280.895233,221.143509,69.999977,286.616394,227.879379,85.202957,230.019318,172.859756,54.999985,214.499771,174.996918,80.000000,
		256.041321,195.254654,68.683289,255.942795,202.319183,85.284424,280.895233,221.143509,69.999977,286.616394,227.879379,85.202957,256.041321,195.254654,68.683289,255.942795,202.319183,85.284424,214.499771,174.996918,80.000000,194.235565,276.865784,80.000000,255.942795,202.319183,85.284424,222.933609,273.963898,78.513718,
		255.942795,202.319183,85.284424,222.933609,273.963898,78.513718,286.616394,227.879379,85.202957,285.034729,270.518036,80.000000,109.782204,178.760239,80.000000,120.618462,277.484314,80.000000,55.936844,231.860245,80.000000,79.544037,278.961182,80.084389,55.936844,231.860245,80.000000,79.544037,278.961182,80.084389,
		44.039993,261.695801,80.000000,44.039993,261.695801,80.000000,126.288124,162.842575,59.999981,102.019043,188.441147,59.999981,88.911560,228.626755,46.819405,88.911560,228.626755,46.819405,88.911560,228.626755,46.819405,102.019043,188.441147,59.999981,37.668789,257.697815,59.999989,56.554722,218.583038,59.999985,
		230.019318,172.859756,54.999985,252.187195,220.622803,50.967712,256.041321,195.254654,68.683289,280.895233,221.143509,69.999977,232.177032,270.440826,54.999981,283.658020,260.649750,59.999989,252.187195,220.622803,50.967712,280.895233,221.143509,69.999977,120.099190,324.361664,4.999987,156.376007,344.750488,8.972085,
		196.950958,328.723145,14.999962,196.950958,328.723145,14.999962,178.764801,143.916748,13.954944,132.510071,163.780182,10.817695,226.802002,172.126617,15.000011,226.802002,172.126617,15.000011,99.570808,208.889313,14.999981,232.084793,225.716553,15.000010,132.510071,163.780182,10.817695,226.802002,172.126617,15.000011,
		102.318253,251.218979,4.999987,222.962891,281.062988,15.000051,99.570808,208.889313,14.999981,232.084793,225.716553,15.000010,120.099190,324.361664,4.999987,196.950958,328.723145,14.999962,102.318253,251.218979,4.999987,222.962891,281.062988,15.000051
	],

	"colors" : [
		255,16711680,57343,16768768,4259648,57343,57343,57343,57343,4259648,
		16768768,16711680,4259648,16711680,255,16748288,255,16748288,57343,13631248,
		57343,13631248,4259648,36863,4259648,36863,13631248,36863,13631248,36863,
		36863,13631248,36863,13631248,16711680,57343,16711680,57343,1114063,4259648,
		1114063,4259648,255,16711680,16711680,16711680,16768768,36863,16768768,36863,
		16711680,13631248,16711680,57343,13631248,16711680,57343,16711680,16711680,16768768,
		36863,16711680,36863,16768768,36863,16768768,13631248,16711680,4259648,16711680,
		16711680,16711680,4259648,57343,4259648,255,4259648,4259648,16711680,16711680,
		57343,255,16748288,36863,16748288,36863,1114063,57343,1114063,57343,
		13631248,16711680,16711680,13631248,4259648,4259648,16711680,4259648,16748288,16748288,
		16748288,4259648,57343,57343,57343,57343,255,4259648,36863,16711680,
		1114063,16748288,255,4259648,1114063,16748288,16711680,13631248,16748288,4259648,
		16748288,4259648,4259648,57343,57343,16711680,36863,4259648,36863,4259648,
		255,255,13631248,1114063,57343,57343,57343,1114063,57343,16748288,
		36863,13631248,1114063,255,16748288,57343,13631248,255,255,57343,
		4259648,4259648,13631248,36863,4259648,4259648,16711680,57343,36863,4259648,
		1114063,255,16711680,57343,255,4259648,1114063,255
	],