{
	"metadata" : {
		"formatVersion" : 3,
		"description" : "Exported from LibZinc."
	},

	"vertices" : [
		120.099190,324.361664,4.999987,124.819824,334.296143,54.999950,156.376007,344.750488,8.972085,178.581650,339.306915,54.999962,106.861443,279.138550,46.526237,88.911560,228.626755,46.819405,37.668789,257.697815,59.999989,37.668789,257.697815,59.999989,156.376007,344.750488,8.972085,196.950958,328.723145,14.999962,
		178.581650,339.306915,54.999962,204.104874,308.653198,58.615257,196.950958,328.723145,14.999962,204.104874,308.653198,58.615257,222.962891,281.062988,15.000051,232.177032,270.440826,54.999981,222.962891,281.062988,15.000051,232.177032,270.440826,54.999981,232.084793,225.716553,15.000010,252.187195,220.622803,50.967712,
		232.084793,225.716553,15.000010,252.187195,220.622803,50.967712,226.802002,172.126617,15.000011,230.019318,172.859756,54.999985,226.802002,172.126617,15.000011,230.019318,172.859756,54.999985,178.764801,143.916748,13.954944,168.933456,135.213699,59.999977,178.764801,143.916748,13.954944,168.933456,135.213699,59.999977,
		132.510071,163.780182,10.817695,126.288124,162.842575,59.999981,132.510071,163.780182,10.817695,126.288124,162.842575,59.999981,99.570808,208.889313,14.999981,88.911560,228.626755,46.819405,99.570808,208.889313,14.999981,88.911560,228.626755,46.819405,102.318253,251.218979,4.999987,106.861443,279.138550,46.526237,
		102.318253,251.218979,4.999987,106.861443,279.138550,46.526237,120.099190,324.361664,4.999987,124.819824,334.296143,54.999950,79.544037,278.961182,80.084389,106.861443,279.138550,46.526237,124.237732,321.534576,87.265282,124.819824,334.296143,54.999950,124.237732,321.534576,87.265282,124.819824,334.296143,54.999950,
		167.002487,326.810730,82.531609,178.581650,339.306915,54.999962,167.002487,326.810730,82.531609,178.581650,339.306915,54.999962,197.220596,300.519653,87.134872,204.104874,308.653198,58.615257,197.220596,300.519653,87.134872,204.104874,308.653198,58.615257,222.933609,273.963898,78.513718,232.177032,270.440826,54.999981,
		230.019318,172.859756,54.999985,214.499771,174.996918,80.000000,168.933456,135.213699,59.999977,174.609299,155.449341,80.000000,168.933456,135.213699,59.999977,174.609299,155.449341,80.000000,126.288124,162.842575,59.999981,139.607635,158.200119,80.000000,106.861443,279.138550,46.526237,37.668789,257.697815,59.999989,
		79.544037,278.961182,80.084389,44.039993,261.695801,80.000000,37.668789,257.697815,59.999989,44.039993,261.695801,80.000000,56.554722,218.583038,59.999985,55.936844,231.860245,80.000000,56.554722,218.583038,59.999985,55.936844,231.860245,80.000000,102.019043,188.441147,59.999981,109.782204,178.760239,80.000000,
		102.019043,188.441147,59.999981,109.782204,178.760239,80.000000,126.288124,162.842575,59.999981,139.607635,158.200119,80.000000,232.177032,270.440826,54.999981,222.933609,273.963898,78.513718,283.658020,260.649750,59.999989,285.034729,270.518036,80.000000,283.658020,260.649750,59.999989,285.034729,270.518036,80.000000,
		280.895233,221.143509,69.999977,286.616394,227.879379,85.202957,230.019318,172.859756,54.999985,214.499771,174.996918,80.000000,256.041321,195.254654,68.683289,255.942795,202.319183,85.284424,280.895233,221.143509,69.999977,286.616394,227.879379,85.202957,256.041321,195.254654,68.683289,255.942795,202.319183,85.284424,
		126.288124,162.842575,59.999981,102.019043,188.441147,59.999981,88.911560,228.626755,46.819405,88.911560,228.626755,46.819405,88.911560,228.626755,46.819405,102.019043,188.441147,59.999981,37.668789,257.697815,59.999989,56.554722,218.583038,59.999985,230.019318,172.859756,54.999985,252.187195,220.622803,50.967712,
		256.041321,195.254654,68.683289,280.895233,221.143509,69.999977,232.177032,270.440826,54.999981,283.658020,260.649750,59.999989,252.187195,220.622803,50.967712,280.895233,221.143509,69.999977
	],

	"normals" : [
		-0.475222,0.870492,-0.128091,-0.091186,0.978351,-0.185779,-0.489567,0.806467,0.331564,-0.091600,0.982789,0.160422,-0.211369,0.069454,-0.974936,-0.211369,0.069454,-0.974936,-0.211369,0.069454,-0.974936,-0.211369,0.069454,-0.974936,-0.375660,-0.923960,0.071960,-0.296353,-0.885159,-0.358705,
		-0.751532,-0.591234,0.292646,-0.746767,-0.642186,-0.173021,0.875220,0.477677,0.076251,0.804631,0.578415,0.134185,0.875319,0.477731,-0.074770,0.804345,0.593518,-0.027673,0.970381,0.159933,-0.181060,0.919031,0.378150,-0.111283,0.872377,0.143781,-0.467210,0.832882,0.367999,-0.413383,
		0.864550,-0.085226,-0.495268,0.774412,-0.400753,-0.489575,0.992144,-0.097804,-0.078008,0.903054,-0.424603,-0.064853,0.506635,-0.861799,-0.024955,0.522898,-0.851985,-0.026442,0.506518,-0.860506,-0.054496,0.521042,-0.852077,-0.049802,-0.368019,-0.896146,-0.247960,-0.524309,-0.809273,-0.264910,
		-0.389877,-0.918438,-0.066832,-0.541791,-0.836257,-0.084483,-0.807384,-0.579069,-0.113180,-0.853121,-0.508283,-0.117616,-0.799117,-0.592798,0.100012,-0.870542,-0.491909,0.013505,-0.950326,-0.011797,-0.311034,-0.836157,0.294451,-0.462753,-0.995356,0.077949,0.056489,-0.935604,0.331776,-0.120705,
		-0.970363,0.235895,-0.052438,-0.939275,0.323432,-0.114694,-0.970726,0.235983,0.044761,-0.951777,0.305400,0.029180,0.571737,-0.678109,0.461828,0.732935,-0.330023,0.594888,0.687971,-0.679028,-0.256157,0.950565,-0.294244,-0.099230,0.073998,-0.927813,-0.365633,0.086396,-0.926962,-0.365072,
		0.070505,-0.919154,-0.387537,0.085777,-0.920321,-0.381644,-0.512120,-0.680397,-0.524207,-0.622498,-0.580249,-0.525174,-0.583999,-0.732487,-0.349869,-0.700219,-0.623945,-0.346968,-0.727824,-0.592806,-0.344751,-0.773095,-0.535829,-0.339429,-0.735460,-0.649872,-0.191744,-0.794816,-0.562311,-0.228197,
		0.507466,-0.772818,0.381091,0.415342,-0.847583,0.330293,0.467510,-0.684268,0.559654,0.346352,-0.706796,0.616831,-0.383815,-0.592421,0.708324,-0.054552,-0.694125,0.717784,-0.536281,-0.827753,0.165010,-0.077120,-0.981289,-0.176419,-0.332170,0.905048,-0.265613,-0.310756,0.946205,-0.090151,
		-0.412048,0.848941,-0.330933,-0.436889,0.898605,-0.040455,0.843524,0.407281,-0.350128,0.871175,0.347378,-0.346962,0.871373,0.420728,-0.252384,0.907715,0.361949,-0.212241,0.486975,0.734525,-0.472577,0.640079,0.649064,-0.411113,0.542963,0.818975,0.185665,0.700344,0.710174,0.071912,
		0.724746,0.687106,0.051274,0.558757,0.810558,0.175461,0.690450,0.654591,-0.307878,0.557904,0.809321,-0.183689,0.192999,0.978644,-0.070762,0.057961,0.990386,-0.125606,0.208843,0.871221,-0.444250,0.060229,0.893497,-0.445011,0.996537,-0.077389,-0.030412,0.996277,0.026965,-0.081883,
		0.945554,-0.140444,-0.293604,0.937035,-0.007845,-0.349148,-0.486687,0.791451,-0.369785,-0.479324,0.797791,-0.365756,-0.503899,0.793710,-0.340750,-0.485646,0.803313,-0.344728,0.719990,-0.693044,0.036116,0.637186,-0.764342,0.098866,0.683116,-0.670526,0.289393,0.608316,-0.729012,0.313837,
		-0.426641,-0.404483,-0.808932,-0.426641,-0.404483,-0.808932,-0.426641,-0.404483,-0.808932,-0.426641,-0.404483,-0.808932,-0.436725,-0.405785,-0.802876,-0.247949,-0.373992,-0.893673,-0.329665,-0.159173,-0.930583,-0.000000,0.000000,-1.000000,0.658210,-0.361251,-0.660497,0.528885,-0.312096,-0.789225,
		0.704165,-0.663104,-0.253860,0.500926,-0.443089,-0.743469,0.119937,0.127861,-0.984513,0.046772,-0.248190,-0.967582,0.527464,0.276874,-0.803195,0.539193,-0.241901,-0.806694
	],